{"cameraMode":{"drawMode":0,"name":"Shaded","section":"Shading Mode"},"sceneLighting":false,"audioPlay":false,"sceneViewState":{"m_AlwaysRefresh":false,"showFog":true,"showSkybox":false,"showFlares":true,"showImageEffects":true,"showParticleSystems":true,"showVisualEffectGraphs":true,"m_FxEnabled":true},"in2DMode":false,"pivot":{"x":16.55318832397461,"y":11.38074016571045,"z":-10.06540584564209},"rotation":{"x":0.00337865948677063,"y":-0.6605048179626465,"z":0.002972293645143509,"w":0.7508080005645752},"size":0.30724039673805239,"orthographic":false}