{"cameraMode":{"drawMode":0,"name":"Shaded","section":"Shading Mode"},"sceneLighting":false,"audioPlay":false,"sceneViewState":{"m_AlwaysRefresh":false,"showFog":true,"showSkybox":false,"showFlares":true,"showImageEffects":true,"showParticleSystems":true,"showVisualEffectGraphs":true,"m_FxEnabled":true},"in2DMode":false,"pivot":{"x":16.253189086914064,"y":12.270998001098633,"z":-20.13273811340332},"rotation":{"x":0.00337865948677063,"y":-0.6605048179626465,"z":0.002972293645143509,"w":0.7508080005645752},"size":1.4659852981567383,"orthographic":false}